{"cameraMode":{"drawMode":0,"name":"Shaded","section":"Shading Mode"},"sceneLighting":true,"audioPlay":false,"sceneViewState":{"m_AlwaysRefresh":false,"showFog":true,"showSkybox":true,"showFlares":true,"showImageEffects":true,"showParticleSystems":true,"showVisualEffectGraphs":true,"m_FxEnabled":true},"in2DMode":false,"pivot":{"x":0.25379204750061037,"y":6.837950229644775,"z":12.140127182006836},"rotation":{"x":-0.19813093543052674,"y":0.05819050595164299,"z":-0.011793829500675202,"w":-0.9783632755279541},"size":9.859108924865723,"orthographic":false}